{"current":{"checkout_body_font":"-apple-system, BlinkMacSystemFont, 'Segoe UI', Roboto, Helvetica, Arial, sans-serif, 'Apple Color Emoji', 'Segoe UI Emoji', 'Segoe UI Symbol'","social_youtube_link":"","type_header_base_size":26,"pt_mobile_enable":true,"pt_scroll_filter_group":true,"pt_sort_created_desc_text":"Newest","color_pt_clear_text":"#222","pt_small_box_radius":3,"mlvedaACS_autoSwitch":false,"pt_mobile_text_vertical":14,"checkout_header_image":"","pt_ajax_selector":"#shopify-section-collection-template","pt_header_font_override":false,"color_pt_small_box_text_hover":"#ffffff","pt_sticky_selector":".filter-menu","color_pt_links_hover":"#444","pt_ajax_enable":false,"share_facebook":true,"pt_sort_manual_text":"Featured","pt_view_more_enable":false,"pt_tags_text":"Tags","color_pt_header_top_border":"rgba(0,0,0,0)","pt_apply_button_disabled_color":"#cccccc","pt_mobile_vertical":7,"pt_small_box_border":true,"type_bold_product_titles":false,"checkout_accent_color":"#197bbd","mlvedaACS_isCustomized":true,"pt_sort_position":"bottom","color_sale_text":"#879755","color_button_text":"#fff","pt_show_tags_group":false,"checkout_logo_size":"medium","mlvedaACS_borderLook":false,"pt_ajax_script":";","color_text_field":"#fff","checkout_button_color":"#197bbd","type_header_font":"work_sans_n6","color_pt_counts_color":"#888","pt_show_clear":true,"pt_show_show_single_group":true,"share_twitter":true,"share_image":"","color_pt_bg":"rgba(0,0,0,0)","color_pt_clear_bg_hover":"#ddd","checkout_input_background_color_mode":"white","pt_float_filters":"false","mlvedaACS_textColor":"inherit","mlvedaACS_flagStyle":"circle","pt_accordion_enable":false,"social_pinterest_link":"","pt_links_font":"work_sans_n6","pt_mobile_color":"#222","mlvedaACS_isMessageDisplay":true,"pt_checkbox_size_swatch":25,"pt_checkbox_checkbox_align":"middle","color_text":"#4a9adb","pt_hide_headers":false,"mlvedaACS_messageColor":"inherit","pt_header_size":18,"checkout_heading_font":"-apple-system, BlinkMacSystemFont, 'Segoe UI', Roboto, Helvetica, Arial, sans-serif, 'Apple Color Emoji', 'Segoe UI Emoji', 'Segoe UI Symbol'","pt_sticky_offset":"25px","social_vimeo_link":"","pt_show_collection_group":true,"checkout_body_background_image":"","type_base_font":"work_sans_n4","pt_apply_button_color":"#0084ff","color_body_bg":"#fff","pt_links_weight":"300","pt_sort_price_asc_text":"Price: Low to High","pt_refine_text":"Refine","color_image_overlay_text":"#fff","color_pt_links_selected":"#333","pt_links_size":14,"mlvedaACS_roundDecimal":false,"color_small_button_text_border":"#3d4246","pt_show_sort_by_group":false,"pt_small_box_shadow":true,"pt_checkbox_primary_color":"#888","pt_apply_button_text":"Apply","color_button":"#67ae19","pt_desktop_always_show_selected":true,"pt_filter_padding":6,"pt_mobile_max_width":"767px","pt_temporary_disable":false,"mlvedaACS_messageContent":"<<shop.name>> process all orders in <<shop.currency>>. While the content of your cart is currently displayed in <<shop.selected_currency>>, you will checkout using <<shop.currency>> at the most current exchange rate.","social_instagram_link":"","pt_show_only_on_collections":false,"checkout_body_background_color":"#fff","color_text_field_text":"#000","checkout_sidebar_background_image":"","pt_show_view_all":true,"pt_sort_price_desc_text":"Price: High to Low","pt_show_inactive_filters":false,"mlvedaACS_positionTop":"10px","pt_sort_by_text":"Sort By","pt_checkbox_style":"0","pt_search_placeholder_text":"search...","sections":{"product-template":{"settings":{"show_vendor":false,"show_share_buttons":true,"image_size":"medium","show_variant_labels":true,"enable_zoom":true,"enable_payment_button":true,"show_quantity_selector":false},"type":"product-template"},"filter-menu-settings":{"settings":{},"blocks":{"1561968219525":{"settings":{"image":"","color":"#2fa93b","collection":"size-37"},"type":"color-swatch"}},"type":"filter-menu-settings","block_order":["1561968219525"]},"feature-row":{"settings":{"layout":"left","image":"shopify:\/\/shop_images\/vintage-shopping.jpg","button_link":"","text":"<p>Pair large text with an image to give focus to your chosen product, collection, or blog post. Add details on availability, style, or even provide a review.<\/p>","button_label":"","title":"Image with text"},"type":"feature-row"},"footer":{"settings":{"show_payment_icons":false,"color_footer_bg":"#f5f5f5","color_footer_text":"#3d4246"},"blocks":{"newsletter":{"settings":{"title":"Newsletter"},"type":"newsletter"},"link_list":{"settings":{"title":"Quick links","menu":"footer"},"type":"link_list"},"text":{"settings":{"text":"<p>Share store details, promotions, or brand content with your customers.<\/p>","title":"Talk about your business"},"type":"text"}},"type":"footer","block_order":["link_list","text","newsletter"]},"header":{"settings":{"message_text":"Announce something here","color_bg":"#7796a8","message_link":"","align_logo":"left","logo_max_width":100,"color_text":"#fff","logo":"","home_page_only":true,"message":false,"main_linklist":"main-menu"},"type":"header"},"hero":{"settings":{"image":"shopify:\/\/shop_images\/women-shopping.jpg","hero_size":"medium","text_size":"large","hero_layout":"full_width","button_link":"","text":"","button_label":"","alignment":"center","title":""},"type":"hero"},"slideshow":{"settings":{"text_size":"medium","text_alignment":"center center","autorotate":false,"autorotate_speed":5,"slideshow_height":"adapt","show_overlay":true},"blocks":{"slideshow-1":{"settings":{"image":"shopify:\/\/shop_images\/young-woman-on-ferris-wheel.jpg","button_link":"","button_label":"","alignment":"center center","subheading":"Tell your brand's story through images","slide_title":"Image slide"},"type":"image"},"slideshow-0":{"settings":{"image":"shopify:\/\/shop_images\/silver-shoes-dancing-through-confetti.jpg","button_link":"","button_label":"","alignment":"center center","subheading":"Tell your brand's story through images","slide_title":"Image slide"},"type":"image"}},"type":"slideshow","block_order":["slideshow-0","slideshow-1"]},"featured-collections":{"settings":{"show_vendor":false,"grid":3,"collection":"frontpage","title":"Featured collection","rows":2,"show_view_all":false},"type":"collection"},"product-recommendations":{"settings":{"show_vendor":false,"show_product_recommendations":true,"heading":"You may also like"},"type":"product-recommendations"},"cart-template":{"settings":{"cart_notes_enable":true},"type":"cart-template"}},"pt_force_dropdown":false,"pt_show_tags_grouped":false,"color_pt_clear_bg":"#eee","color_pt_header_text":"#222","pt_mobile_font_override":false,"mlvedaACS_positionRight":"10px","content_for_index":["hero","featured-collections","feature-row","slideshow"],"color_pt_clear_text_hover":"#222","pt_bg_radius":3,"mlvedaACS__id":{"$oid":"5dea551d05eb5605e6ff2b3b"},"type_base_size":16,"pt_apply_button_enable":false,"color_image_overlay":"#3d4246","pt_sticky_enable":false,"color_text_field_border":"#949494","pt_sticky_min_width":"767px","pt_clear_to_current_collection":false,"checkout_logo_position":"left","pt_show_collection_count":true,"color_pt_small_box_bg_hover":"#00a5fd","social_twitter_link":"","pt_view_more_count":10,"checkout_logo_image":"","pt_show_refine":true,"pt_sort_title_asc_text":"A-Z","color_pt_bg_border":"rgba(0,0,0,0)","color_pt_links":"#222","color_pt_small_box_bg":"#ffffff","pt_mobile_size":"","checkout_sidebar_background_color":"#fafafa","mlvedaACS_positionLeft":"10px","mlvedaACS_defaultCurrency":"INR","pt_collection_text":"Collection","pt_view_more_text":"View More...","mlvedaACS_positionBottom":"10px","color_body_text":"#69727b","pt_view_all_text":"view all","pt_header_weight":"600","mlvedaACS_messageBackgroundColor":"inherit","pt_links_font_override":false,"checkout_error_color":"#e32c2b","pt_sort_created_asc_text":"Newest Last","pt_checkbox_size":15,"pt_color_swatch_type":"swatch","social_tumblr_link":"","color_pt_header_border":"#ddd","mlvedaACS_roundDecimalValue":1,"mlvedaACS_backgroundColor":"inherit","mlvedaACS_position":"inline","pt_checkbox_secondary_color":"#444","image_overlay_opacity":40,"pt_sticky_mode":"basic","pt_sort_best_selling_text":"Best Selling","pt_mobile_hide_selected":false,"pt_show_checkboxes":true,"mlvedaACS_textHoverColor":"inherit","favicon":"","pt_apply_button_hover_color":"#0670cf","mlvedaACS_enable":true,"pt_header_font":"work_sans_n6","pt_bg_padding":0,"social_facebook_link":"","pt_mobile_text":"Filter","mlvedaACS_supportedCurrencies":"INR USD GBP EUR CAD AUD JPY","pt_sort_title_desc_text":"Z-A","share_pinterest":true,"pt_mobile_font":"work_sans_n6","social_snapchat_link":"","mlvedaACS_hideDecimal":false,"pt_show_sort_by_checkboxes":false,"mlvedaACS_hoverBackgroundColor":"inherit","mlvedaACS_currencyFormat":"money_with_currency_format","mlvedaACS_borderLineColor":"inherit","pt_clear_text":"clear","pt_checkbox_swatch_style":"3","mlvedaACS_displayFlag":false,"color_borders":"#e8e9eb","pt_accordion_mode":"all","pt_sort_by_dropdown":false},"presets":{"Light":{"checkout_body_font":"Source Sans Pro","social_youtube_link":"","type_header_base_size":26,"share_twitter":true,"checkout_sidebar_background_color":"#e8f3f6","color_small_button_text_border":"#162950","checkout_input_background_color_mode":"white","social_pinterest_link":"","color_button":"#DA2F0C","color_body_text":"#6d6d6d","checkout_header_image":"","color_text":"#162950","social_instagram_link":"","checkout_error_color":"#ff6d6d","social_tumblr_link":"","checkout_body_background_color":"#ffffff","color_text_field_text":"#162950","checkout_sidebar_background_image":"","image_overlay_opacity":40,"checkout_heading_font":"Roboto","share_facebook":true,"favicon":"","type_bold_product_titles":true,"social_facebook_link":"","social_vimeo_link":"","checkout_accent_color":"#1990c6","color_sale_text":"#DA2F0C","color_button_text":"#ffffff","share_pinterest":true,"checkout_body_background_image":"","type_base_font":"muli_n4","sections":{"footer":{"settings":{},"blocks":{"newsletter":{"settings":{},"type":"newsletter"},"link_list":{"settings":{},"type":"link_list"},"text":{"settings":{},"type":"text"}},"type":"footer","block_order":["link_list","text","newsletter"]},"hero":{"settings":{"hero_size":"x-large","text_size":"large","alignment":"center"},"type":"hero"},"featured-collections":{"settings":{"show_vendor":true,"grid":3,"rows":1,"show_view_all":true},"type":"collection"},"1492033809691":{"settings":{},"type":"map"},"collection-template":{"settings":{"layout":"grid","tags_enable":true,"show_vendor":false,"grid":2,"show_collection_image":true,"rows":2,"sort_enable":true},"type":"collection-template"},"1492033924902":{"settings":{"title":""},"blocks":{"1492033924902-0":{"settings":{"align_text":"center","width":"100%","alignment":"center"},"type":"text"}},"type":"custom-content","block_order":["1492033924902-0"]},"article-template":{"settings":{"show_share_buttons":true,"blog_show_date":true,"blog_show_author":true},"type":"article-template"},"product-template":{"settings":{"show_vendor":false,"show_share_buttons":true,"image_size":"medium","show_variant_labels":true,"enable_zoom":true,"show_quantity_selector":false},"type":"product-template"},"blog-template":{"settings":{"layout":"grid","blog_show_date":false,"blog_show_author":true},"type":"blog-template"},"header":{"settings":{"color_bg":"#162950","align_logo":"left","logo_max_width":135,"color_text":"#ffffff","logo":"","message":true,"main_linklist":"main-menu"},"type":"header"},"slideshow":{"settings":{"text_size":"medium","autorotate":false,"autorotate_speed":5,"slideshow_height":"medium"},"blocks":{"1492095993817":{"settings":{"image":"","alignment":"center"},"type":"image"},"slideshow-0":{"settings":{"image":"","alignment":"center center"},"type":"image"}},"type":"slideshow","block_order":["slideshow-0","1492095993817"]},"1492096252560":{"settings":{"grid":3},"blocks":{"1492096252560-1":{"settings":{},"type":"featured_collection"},"1492096252560-0":{"settings":{},"type":"featured_collection"},"1492096252560-2":{"settings":{},"type":"featured_collection"}},"type":"collection-list","block_order":["1492096252560-0","1492096252560-1","1492096252560-2"]},"cart-template":{"settings":{"cart_notes_enable":false},"type":"cart-template"},"1492033877875":{"settings":{},"blocks":{"1492033877875-0":{"settings":{},"type":"quote"}},"type":"quotes","block_order":["1492033877875-0"]}},"social_snapchat_link":"","color_body_bg":"#f8f8f8","content_for_index":["hero","featured-collections","slideshow","1492033924902","1492096252560","1492033877875","1492033809691"],"type_base_size":18,"color_image_overlay_text":"#ffffff","color_image_overlay":"#3d3d3d","color_text_field_border":"#909090","checkout_logo_position":"left","checkout_logo_size":"small","color_borders":"#e4e4e4","color_text_field":"#ffffff","checkout_button_color":"#23314e","type_header_font":"muli_n6","social_twitter_link":"","checkout_logo_image":""},"Default":{"share_facebook":true,"type_header_base_size":26,"share_twitter":true,"type_bold_product_titles":false,"color_small_button_text_border":"#3d4246","color_sale_text":"#557B97","color_button_text":"#fff","share_pinterest":true,"type_base_font":"work_sans_n4","sections":{"feature-row":{"settings":{},"type":"feature-row"},"footer":{"settings":{},"blocks":{"newsletter":{"settings":{},"type":"newsletter"},"link_list":{"settings":{},"type":"link_list"},"text":{"settings":{},"type":"text"}},"type":"footer","block_order":["link_list","text","newsletter"]},"header":{"settings":{},"type":"header"},"hero":{"settings":{"text_size":"large"},"type":"hero"},"slideshow":{"settings":{},"blocks":{"slideshow-1":{"settings":{},"type":"image"},"slideshow-0":{"settings":{},"type":"image"}},"type":"slideshow","block_order":["slideshow-0","slideshow-1"]},"featured-collections":{"settings":{"collection":"frontpage"},"type":"collection"}},"color_button":"#557B97","color_body_bg":"#fff","content_for_index":["hero","featured-collections","feature-row","slideshow"],"color_body_text":"#69727b","type_base_size":16,"color_text":"#3d4246","color_image_overlay_text":"#fff","color_image_overlay":"#3d4246","color_text_field_text":"#000","color_text_field_border":"#949494","color_borders":"#e8e9eb","color_text_field":"#fff","image_overlay_opacity":40,"type_header_font":"work_sans_n6"}}}