[{"name":"theme_info","theme_name":"Debut","theme_author":"Shopify","theme_version":"12.0.0","theme_documentation_url":"https:\/\/help.shopify.com\/manual\/using-themes\/themes-by-shopify\/debut","theme_support_url":"https:\/\/support.shopify.com\/"},{"name":{"de":"Farben","en":"Colors","es":"Colores","fr":"Couleurs","it":"Colori","ja":"色","nl":"Kleuren","pt-BR":"Cores","zh-CN":"颜色","zh-TW":"色彩"},"settings":[{"type":"header","content":{"de":"Text","en":"Text","es":"Texto","fr":"Texte","it":"Testo","ja":"テキスト","nl":"Tekst","pt-BR":"Texto","zh-CN":"文本","zh-TW":"文字"}},{"type":"color","id":"color_text","label":{"de":"Titel und Links","en":"Headings and links","es":"Títulos y enlaces","fr":"En-têtes et liens","it":"Titoli e link","ja":"見出しとリンク","nl":"Koppen en links","pt-BR":"Títulos e links","zh-CN":"标题和链接","zh-TW":"標題和連結"},"default":"#3d4246"},{"type":"color","id":"color_body_text","label":{"de":"Body-Text","en":"Body text","es":"Texto del cuerpo","fr":"Corps du texte","it":"Corpo del testo","ja":"本文","nl":"Hoofdtekst","pt-BR":"Corpo do texto","zh-CN":"正文文本","zh-TW":"內文"},"default":"#69727b"},{"type":"color","id":"color_sale_text","label":{"de":"Verkaufspreis","en":"Sale price","es":"Precio de venta","fr":"Prix soldé","it":"Prezzo di vendita","ja":"セール価格","nl":"Aanbiedingsprijs","pt-BR":"Preço de venda","zh-CN":"销售价格","zh-TW":"售價"},"default":"#557B97"},{"type":"header","content":{"de":"Buttons","en":"Buttons","es":"Botones","fr":"Boutons","it":"Pulsanti","ja":"ボタン","nl":"Knoppen","pt-BR":"Botões","zh-CN":"按钮","zh-TW":"按鈕"}},{"type":"color","id":"color_button","label":{"de":"Primärtasten","en":"Primary buttons","es":"Botones primarios","fr":"Boutons primaires","it":"Pulsanti primari","ja":"主なボタン","nl":"Primaire knoppen","pt-BR":"Botões primários","zh-CN":"主要按钮","zh-TW":"主要按鈕"},"default":"#557B97"},{"type":"color","id":"color_button_text","label":{"de":"Primäre Etiketten","en":"Primary labels","es":"Etiquetas principales","fr":"Étiquettes primaires","it":"Etichette primarie","ja":"一次ラベル","nl":"Primaire labels","pt-BR":"Rótulos primários","zh-CN":"主要标签","zh-TW":"主要標籤"},"default":"#fff"},{"type":"color","id":"color_small_button_text_border","label":{"de":"Sekundäre Labels und Grenzen","en":"Secondary labels and borders","es":"Etiquetas secundarias y bordes","fr":"Étiquettes secondaires et bordures","it":"Etichette e bordi secondari","ja":"二次ラベルと罫線","nl":"Secundaire labels en randen","pt-BR":"Rótulos e bordas secundárias","zh-CN":"次要标签和边框","zh-TW":"次要標籤和邊框"},"default":"#3d4246"},{"type":"header","content":{"de":"Formularfelder","en":"Form fields","es":"Campos de formulario","fr":"Champs de formulaire","it":"Campi modulo","ja":"フォームフィールド","nl":"Formuliervelden","pt-BR":"Campos de formulário","zh-CN":"表单字段","zh-TW":"表單欄位"}},{"type":"color","id":"color_text_field_text","label":{"de":"Text","en":"Text","es":"Texto","fr":"Texte","it":"Testo","ja":"テキスト","nl":"Tekst","pt-BR":"Texto","zh-CN":"文本","zh-TW":"文字"},"default":"#000"},{"type":"color","id":"color_text_field_border","label":{"de":"Grenzen","en":"Borders","es":"Bordes","fr":"Bordures","it":"Bordi","ja":"境界線","nl":"Grenzen","pt-BR":"Bordas","zh-CN":"边框","zh-TW":"邊框"},"default":"#949494"},{"type":"color","id":"color_text_field","label":{"de":"Hintergrundfarbe","en":"Background","es":"Fondo","fr":"Couleur de fond","it":"Sfondo","ja":"背景","nl":"Achtergrond","pt-BR":"Plano de fundo","zh-CN":"背景","zh-TW":"背景"},"default":"#fff"},{"type":"header","content":{"de":"Text auf Fotos","en":"Image overlays","es":"Incrustaciones de imágenes","fr":"Superposition d'image","it":"Sovrapposizioni di immagine","ja":"画像のオーバーレイ","nl":"Beeld-overlays","pt-BR":"Sobreposições de imagens","zh-CN":"图片叠加","zh-TW":"圖片疊加層"}},{"type":"color","id":"color_image_overlay_text","label":{"de":"Textfarbe","en":"Text","es":"Texto","fr":"Couleur du texte","it":"Testo","ja":"テキスト","nl":"Tekst","pt-BR":"Texto","zh-CN":"文本","zh-TW":"文字"},"default":"#fff"},{"type":"color","id":"color_image_overlay","label":{"de":"Hintergrundfarbe","en":"Background","es":"Fondo","fr":"Couleur de fond","it":"Sfondo","ja":"背景","nl":"Achtergrond","pt-BR":"Plano de fundo","zh-CN":"背景","zh-TW":"背景"},"default":"#3d4246"},{"type":"range","id":"image_overlay_opacity","label":{"de":"Opazität","en":"Opacity","es":"Opacidad","fr":"Opacité","it":"Opacità","ja":"不透過率","nl":"Doorschijnendheid","pt-BR":"Opacidade","zh-CN":"不透明度","zh-TW":"透明度"},"min":0,"max":100,"step":1,"unit":{"de":"%","en":"%","es":"%","fr":"%","it":"%","ja":"%","nl":"%","pt-BR":"%","zh-CN":"%","zh-TW":"%"},"default":40},{"type":"header","content":{"de":"Seite","en":"Page","es":"Página","fr":"Page","it":"Pagina","ja":"ページ","nl":"Pagina","pt-BR":"Página","zh-CN":"页面","zh-TW":"頁面"}},{"type":"color","id":"color_borders","label":{"de":"Rahmen und Linien","en":"Borders and lines","es":"Bordes y líneas","fr":"Bordures et lignes","it":"Bordi e linee","ja":"罫線と線","nl":"Randen en lijnen","pt-BR":"Bordas e linhas","zh-CN":"边框和线条","zh-TW":"邊框和線條"},"default":"#e8e9eb"},{"type":"color","id":"color_body_bg","label":{"de":"Hintergrundfarbe","en":"Background","es":"Fondo","fr":"Couleur de fond","it":"Sfondo","ja":"背景","nl":"Achtergrond","pt-BR":"Plano de fundo","zh-CN":"背景","zh-TW":"背景"},"default":"#fff"}]},{"name":{"de":"Typographie","en":"Typography","es":"Tipografía","fr":"Typographie","it":"Caratteri tipografici","ja":"文字体裁","nl":"Typografie","pt-BR":"Tipografia","zh-CN":"版式","zh-TW":"印刷樣式"},"settings":[{"type":"header","content":{"de":"Titel und Buttons","en":"Headings and buttons","es":"Títulos y botones","fr":"En-têtes et boutons","it":"Titoli e pulsanti","ja":"見出しとボタン","nl":"Koppen en knoppen","pt-BR":"Títulos e botões","zh-CN":"标题和按钮","zh-TW":"標題和按鈕"}},{"type":"font_picker","id":"type_header_font","label":{"de":"Schriftart","en":"Font","es":"Fuente","fr":"Police","it":"Font","ja":"フォント","nl":"Lettertype","pt-BR":"Fonte","zh-CN":"字体","zh-TW":"字型"},"default":"work_sans_n6"},{"type":"range","id":"type_header_base_size","label":{"de":"Titelgröße","en":"Heading base size","es":"Tamaño base de título","fr":"Dimensions de base de l'en-tête","it":"Dimensione base del titolo","ja":"見出しの基本サイズ","nl":"Afmeting kopbasis","pt-BR":"Tamanho básico do título","zh-CN":"标题基本尺寸","zh-TW":"標題基本尺寸"},"default":26,"min":20,"max":36,"step":1,"unit":{"de":"px","en":"px","es":"px","fr":"px","it":"px","ja":"px","nl":"px","pt-BR":"px","zh-CN":"px","zh-TW":"像素"}},{"type":"header","content":{"de":"Body-Text","en":"Body text","es":"Texto del cuerpo","fr":"Corps du texte","it":"Corpo del testo","ja":"本文","nl":"Hoofdtekst","pt-BR":"Corpo do texto","zh-CN":"正文文本","zh-TW":"內文"}},{"type":"font_picker","id":"type_base_font","label":{"de":"Schriftart","en":"Font","es":"Fuente","fr":"Police","it":"Font","ja":"フォント","nl":"Lettertype","pt-BR":"Fonte","zh-CN":"字体","zh-TW":"字型"},"default":"work_sans_n4"},{"type":"range","id":"type_base_size","label":{"de":"Größe","en":"Base size","es":"Tamaño de base","fr":"Dimensions de base","it":"Dimensione base","ja":"基本サイズ","nl":"Basisafmeting","pt-BR":"Tamanho básico","zh-CN":"基本尺寸","zh-TW":"基本尺寸"},"default":16,"min":14,"max":20,"step":1,"unit":{"de":"px","en":"px","es":"px","fr":"px","it":"px","ja":"px","nl":"px","pt-BR":"px","zh-CN":"px","zh-TW":"像素"}},{"type":"checkbox","id":"type_bold_product_titles","label":{"de":"Produkttitel in fett","en":"Bold product titles","es":"Títulos de productos en negrita","fr":"Titres de produits en gras","it":"Titoli dei prodotti in grassetto","ja":"太字の商品名","nl":"Vetgedrukte producttitels","pt-BR":"Títulos de produtos em negrito","zh-CN":"产品标题加粗","zh-TW":"粗體標示產品名稱"}}]},{"name":{"de":"Social Media","en":"Social media","es":"Redes sociales","fr":"Médias sociaux","it":"Social media","ja":"SNS","nl":"Sociale media","pt-BR":"Redes sociais","zh-CN":"社交媒体","zh-TW":"社交媒體"},"settings":[{"type":"header","content":{"de":"Social-Media-Button","en":"Social sharing image","es":"Imagen de redes sociales","fr":"Image de partage social","it":"Immagine per condivisione social","ja":"SNSでシェアする画像","nl":"Afbeelding voor delen via social media.","pt-BR":"Imagem de compartilhamento social","zh-CN":"社交分享图片","zh-TW":"社群分享圖示"}},{"type":"image_picker","id":"share_image","label":{"de":"Foto","en":"Image","es":"Imagen","fr":"Image","it":"Immagine","ja":"画像","nl":"Afbeelding","pt-BR":"Imagem","zh-CN":"图片","zh-TW":"圖片"},"info":{"de":"Wird gezeigt, wenn ein Link sozial geteilt wird. [Mehr erfahren](https:\/\/help.shopify.com\/manual\/using-themes\/troubleshooting\/showing-social-media-thumbnail-images\/)","en":"Shown when sharing a link on social media. [Learn more](https:\/\/help.shopify.com\/manual\/using-themes\/troubleshooting\/showing-social-media-thumbnail-images\/) about image thumbnails.","es":"Aparece cuando se comparte un enlace en una red social. [Más información](https:\/\/help.shopify.com\/manual\/using-themes\/troubleshooting\/showing-social-media-thumbnail-images\/) acerca de las miniaturas","fr":"Affichée lors du partage d'un lien sur les réseaux sociaux. [En savoir plus](https:\/\/help.shopify.com\/manual\/using-themes\/troubleshooting\/showing-social-media-thumbnail-images\/).","it":"Mostrata quando si condivide un link sui social media. [Maggiori informazioni](https:\/\/help.shopify.com\/manual\/using-themes\/troubleshooting\/showing-social-media-thumbnail-images\/) sulle immagini di anteprima.","ja":"SNSでリンクがシェアされると表示されます。[詳細情報](https:\/\/help.shopify.com\/manual\/using-themes\/troubleshooting\/showing-social-media-thumbnail-images\/)画像のサムネイルについては、上のリンクを参照してください。","nl":"Wordt weergegeven wanneer u een link deelt via social media. [Meer informatie](https:\/\/help.shopify.com\/manual\/using-themes\/troubleshooting\/showing-social-media-thumbnail-images\/) over miniatuurafbeeldingen.","pt-BR":"Apresentada ao compartilhar um link nas redes sociais. [Saiba mais](https:\/\/help.shopify.com\/manual\/using-themes\/troubleshooting\/showing-social-media-thumbnail-images\/) sobre miniaturas de imagens.","zh-CN":"在社交媒体上分享链接时显示。[了解有关图片缩略图的详细信息](https:\/\/help.shopify.com\/manual\/using-themes\/troubleshooting\/showing-social-media-thumbnail-images\/)。","zh-TW":"在社群媒體上分享連結時顯示。[深入瞭解](https:\/\/help.shopify.com\/manual\/using-themes\/troubleshooting\/showing-social-media-thumbnail-images\/)圖片縮圖的相關資訊。"}},{"type":"header","content":{"de":"Teilen auf Social Media","en":"Social sharing options","es":"Opciones para compartir en redes sociales","fr":"Options de partage sur les médias sociaux","it":"Opzioni di condivisione sui social","ja":"SNSシェアのオプション","nl":"Opties voor sociaal delen","pt-BR":"Opções de compartilhamento social","zh-CN":"社交分享选项","zh-TW":"社群分享選項"}},{"type":"checkbox","id":"share_facebook","label":{"de":"Teilen auf Facebook","en":"Share on Facebook","es":"Compartir en Facebook","fr":"Partager sur Facebook","it":"Condividi su Facebook","ja":"Facebookでシェアする","nl":"Delen op Facebook","pt-BR":"Compartilhar no Facebook","zh-CN":"在 Facebook 上共享","zh-TW":"分享至 Facebook"},"default":true},{"type":"checkbox","id":"share_twitter","label":{"de":"Tweet auf Twitter","en":"Tweet on Twitter","es":"Tuitear en Twitter","fr":"Tweeter sur Twitter","it":"Twitta su Twitter","ja":"Twitterに投稿する","nl":"Twitteren op Twitter","pt-BR":"Tweetar","zh-CN":"在 Twitter 上发推文","zh-TW":"在 Twitter 上發佈推文"},"default":true},{"type":"checkbox","id":"share_pinterest","label":{"de":"Pin auf Pinterest","en":"Pin on Pinterest","es":"Pinear en Pinterest","fr":"Épingler sur Pinterest","it":"Pinna su Pinterest","ja":"Pinterestでピンする","nl":"Pinnen op Pinterest","pt-BR":"Pin no Pinterest","zh-CN":"固定在 Pinterest 上","zh-TW":"加入 Pinterest"},"default":true},{"type":"header","content":{"de":"Social Media","en":"Social accounts","es":"Cuentas de redes sociales","fr":"Médias sociaux","it":"Account social","ja":"SNSアカウント","nl":"Social media-accounts","pt-BR":"Contas em redes sociais","zh-CN":"社媒帐户","zh-TW":"社群帳號"}},{"type":"text","id":"social_twitter_link","label":{"de":"Twitter","en":"Twitter","es":"Twitter","fr":"Twitter","it":"Twitter","ja":"Twitter","nl":"Twitter","pt-BR":"Twitter","zh-CN":"Twitter","zh-TW":"Twitter"},"info":{"de":"https:\/\/twitter.com\/shopify","en":"https:\/\/twitter.com\/shopify","es":"https:\/\/twitter.com\/shopify","fr":"https:\/\/twitter.com\/shopify","it":"https:\/\/twitter.com\/shopify","ja":"https:\/\/twitter.com\/shopify","nl":"https:\/\/twitter.com\/shopify","pt-BR":"https:\/\/twitter.com\/shopify","zh-CN":"https:\/\/twitter.com\/shopify","zh-TW":"https:\/\/twitter.com\/shopify"}},{"type":"text","id":"social_facebook_link","label":{"de":"Facebook","en":"Facebook","es":"Facebook","fr":"Facebook","it":"Facebook","ja":"Facebook","nl":"Facebook","pt-BR":"Facebook","zh-CN":"Facebook","zh-TW":"Facebook"},"info":{"de":"https:\/\/facebook.com\/shopify","en":"https:\/\/facebook.com\/shopify","es":"https:\/\/www.facebook.com\/ShopifyES\/","fr":"https:\/\/facebook.com\/shopify","it":"https:\/\/facebook.com\/shopify","ja":"https:\/\/facebook.com\/shopify","nl":"https:\/\/facebook.com\/shopify","pt-BR":"https:\/\/facebook.com\/shopify","zh-CN":"https:\/\/facebook.com\/shopify","zh-TW":"https:\/\/facebook.com\/shopify"}},{"type":"text","id":"social_pinterest_link","label":{"de":"Pinterest","en":"Pinterest","es":"Pinterest","fr":"Pinterest","it":"Pinterest","ja":"Pinterest","nl":"Pinterest","pt-BR":"Pinterest","zh-CN":"Pinterest","zh-TW":"Pinterest"},"info":{"de":"https:\/\/pinterest.com\/shopify","en":"https:\/\/pinterest.com\/shopify","es":"https:\/\/pinterest.com\/shopify","fr":"https:\/\/pinterest.com\/shopify","it":"https:\/\/pinterest.com\/shopify","ja":"https:\/\/pinterest.com\/shopify","nl":"https:\/\/pinterest.com\/shopify","pt-BR":"https:\/\/pinterest.com\/shopify","zh-CN":"https:\/\/pinterest.com\/shopify","zh-TW":"https:\/\/pinterest.com\/shopify"}},{"type":"text","id":"social_instagram_link","label":{"de":"Instagram","en":"Instagram","es":"Instagram","fr":"Instagram","it":"Instagram","ja":"Instagram","nl":"Instagram","pt-BR":"Instagram","zh-CN":"Instagram","zh-TW":"Instagram"},"info":{"de":"http:\/\/instagram.com\/shopify","en":"http:\/\/instagram.com\/shopify","es":"http:\/\/instagram.com\/shopify","fr":"http:\/\/instagram.com\/shopify","it":"http:\/\/instagram.com\/shopify","ja":"http:\/\/instagram.com\/shopify","nl":"http:\/\/instagram.com\/shopify","pt-BR":"http:\/\/instagram.com\/shopify","zh-CN":"http:\/\/instagram.com\/shopify","zh-TW":"http:\/\/instagram.com\/shopify"}},{"type":"text","id":"social_tumblr_link","label":{"de":"Tumblr","en":"Tumblr","es":"Tumblr","fr":"Tumblr","it":"Tumblr","ja":"Tumblr","nl":"Tumblr","pt-BR":"Tumblr","zh-CN":"Tumblr","zh-TW":"Tumblr"},"info":{"de":"http:\/\/shopify.tumblr.com","en":"http:\/\/shopify.tumblr.com","es":"http:\/\/shopify.tumblr.com","fr":"http:\/\/shopify.tumblr.com","it":"http:\/\/shopify.tumblr.com","ja":"http:\/\/shopify.tumblr.com","nl":"http:\/\/shopify.tumblr.com","pt-BR":"http:\/\/shopify.tumblr.com","zh-CN":"http:\/\/shopify.tumblr.com","zh-TW":"http:\/\/shopify.tumblr.com"}},{"type":"text","id":"social_snapchat_link","label":{"de":"Snapchat","en":"Snapchat","es":"Snapchat","fr":"Snapchat","it":"Snapchat","ja":"Snapchat","nl":"Snapchat","pt-BR":"Snapchat","zh-CN":"Snapchat","zh-TW":"Snapchat"},"info":{"de":"https:\/\/www.snapchat.com\/add\/shopify","en":"https:\/\/www.snapchat.com\/add\/shopify","es":"https:\/\/www.snapchat.com\/add\/shopify","fr":"https:\/\/www.snapchat.com\/add\/shopify","it":"https:\/\/www.snapchat.com\/add\/shopify","ja":"https:\/\/www.snapchat.com\/add\/shopify","nl":"https:\/\/www.snapchat.com\/add\/shopify","pt-BR":"https:\/\/www.snapchat.com\/add\/shopify","zh-CN":"https:\/\/www.snapchat.com\/add\/shopify","zh-TW":"https:\/\/www.snapchat.com\/add\/shopify"}},{"type":"text","id":"social_youtube_link","label":{"de":"YouTube","en":"YouTube","es":"Youtube","fr":"YouTube","it":"YouTube","ja":"YouTube","nl":"YouTube","pt-BR":"YouTube","zh-CN":"YouTube","zh-TW":"YouTube"},"info":{"de":"https:\/\/www.youtube.com\/shopify","en":"https:\/\/www.youtube.com\/shopify","es":"https:\/\/www.youtube.com\/shopify","fr":"https:\/\/www.youtube.com\/shopify","it":"https:\/\/www.youtube.com\/shopify","ja":"https:\/\/www.youtube.com\/shopify","nl":"https:\/\/www.youtube.com\/shopify","pt-BR":"https:\/\/www.youtube.com\/shopify","zh-CN":"https:\/\/www.youtube.com\/shopify","zh-TW":"https:\/\/www.youtube.com\/shopify"}},{"type":"text","id":"social_vimeo_link","label":{"de":"Vimeo","en":"Vimeo","es":"Vimeo","fr":"Vimeo","it":"Vimeo","ja":"Vimeo","nl":"Vimeo","pt-BR":"Vimeo","zh-CN":"Vimeo","zh-TW":"Vimeo"},"info":{"de":"https:\/\/vimeo.com\/shopify","en":"https:\/\/vimeo.com\/shopify","es":"https:\/\/vimeo.com\/shopify","fr":"https:\/\/vimeo.com\/shopify","it":"https:\/\/vimeo.com\/shopify","ja":"https:\/\/vimeo.com\/shopify","nl":"https:\/\/vimeo.com\/shopify","pt-BR":"https:\/\/vimeo.com\/shopify","zh-CN":"https:\/\/vimeo.com\/shopify","zh-TW":"https:\/\/vimeo.com\/shopify"}}]},{"name":{"de":"Favicon","en":"Favicon","es":"Favicon","fr":"Favicon","it":"Favicon","ja":"ファビコン","nl":"Favicon","pt-BR":"Favicon","zh-CN":"网站图标","zh-TW":"Favicon"},"settings":[{"type":"image_picker","id":"favicon","label":{"de":"Favicon-Foto","en":"Favicon image","es":"Imagen de favicon","fr":"Image favicon","it":"Immagine favicon","ja":"ファビコン画像","nl":"Favicon-afbeelding","pt-BR":"Imagem favicon","zh-CN":"网站图标图片","zh-TW":"Favicon 圖片"},"info":{"de":"Wird in der Größe 32 x 32 px angezeigt","en":"Will be scaled down to 32 x 32px","es":"Se reducirá a 32 x 32px","fr":"L'image sera réduite à 32 x 32 px","it":"Verrà ridimensionata a 32 x 32 pixel.","ja":"32×32ピクセルに縮小されます。","nl":"Wordt verkleind tot 32x32 pixels","pt-BR":"será reduzida para 32 x 32 pixels","zh-CN":"将缩小到 32 x 32px","zh-TW":"將會縮小為 32 x 32 像素"}}]},{"name":"Filter Menu","settings":[{"type":"header","content":"Components"},{"type":"checkbox","id":"pt_show_refine","label":"Show Refine Section","default":true},{"type":"checkbox","id":"pt_show_collection_group","label":"Show Current Collection","default":true},{"type":"checkbox","id":"pt_show_clear","label":"Show Clear buttons","default":true},{"type":"checkbox","id":"pt_show_view_all","label":"Show View All button","default":true},{"type":"checkbox","id":"pt_show_collection_count","label":"Show collection count on All page","default":true},{"type":"header","content":"Options"},{"type":"checkbox","id":"pt_show_show_single_group","label":"Show groups with only one item","default":true},{"type":"checkbox","id":"pt_scroll_filter_group","label":"Scroll each group if too large","default":true},{"type":"checkbox","id":"pt_show_inactive_filters","label":"Show inactive filters (greyed out)","default":false},{"type":"header","content":"Drop Downs"},{"type":"checkbox","id":"pt_force_dropdown","label":"Force all filters to be drop downs","default":false},{"type":"checkbox","id":"pt_hide_headers","label":"Hide filter group headers on drop downs","default":false},{"type":"radio","id":"pt_float_filters","label":"Layout","default":"false","options":[{"value":"false","label":"Vertical"},{"value":"true","label":"Horizontal"}]},{"type":"paragraph","content":"Groups will only layout horizontal if there is space, so if the filters are in your sidebar this may not have any effect."},{"type":"header","content":"Text"},{"type":"text","id":"pt_refine_text","label":"Top of menu text","default":"Refine"},{"type":"text","id":"pt_clear_text","label":"Clear filters text","default":"clear"},{"type":"text","id":"pt_view_all_text","label":"View All text","default":"view all"},{"type":"text","id":"pt_tags_text","label":"Tags group text","default":"Tags"},{"type":"text","id":"pt_sort_by_text","label":"Sort group text","default":"Sort By"},{"type":"text","id":"pt_collection_text","label":"Collection group text","default":"Collection"},{"type":"text","id":"pt_search_placeholder_text","label":"Search placeholder text","default":"search..."},{"type":"text","id":"pt_mobile_text","label":"Filter Button Text","default":"Filter"},{"type":"header","content":"Filter By Tags"},{"type":"checkbox","id":"pt_show_tags_group","label":"Show unused\/ungrouped tags as a 'Tags' group","default":false},{"type":"checkbox","id":"pt_show_tags_grouped","label":"Show grouped tags as filters","default":false},{"type":"paragraph","content":"Grouped tags use the format Group Name_Filter Value. e.g. Format_USB, or Compatibility_X Box One X"},{"type":"header","content":"Sort By"},{"type":"checkbox","id":"pt_show_sort_by_group","label":"Show a 'Sort By' group","default":false},{"type":"select","id":"pt_sort_position","label":"Sort Position","default":"bottom","options":[{"value":"top","label":"Top (First)"},{"value":"bottom","label":"Bottom (Last)"}]},{"type":"checkbox","id":"pt_sort_by_dropdown","label":"Display 'Sort By' group as a drop down box","default":false},{"type":"checkbox","id":"pt_show_sort_by_checkboxes","label":"Show checkboxes on 'Sort By' group","default":false},{"type":"paragraph","content":"Leave empty to hide a sort option"},{"type":"text","id":"pt_sort_manual_text","label":"Manual","default":"Featured"},{"type":"text","id":"pt_sort_price_asc_text","label":"Price Ascending","default":"Price: Low to High"},{"type":"text","id":"pt_sort_price_desc_text","label":"Price Descending","default":"Price: High to Low"},{"type":"text","id":"pt_sort_title_asc_text","label":"A-Z","default":"A-Z"},{"type":"text","id":"pt_sort_title_desc_text","label":"Z-A","default":"Z-A"},{"type":"text","id":"pt_sort_created_asc_text","label":"Newest Last","default":"Newest Last"},{"type":"text","id":"pt_sort_created_desc_text","label":"Newest First","default":"Newest"},{"type":"text","id":"pt_sort_best_selling_text","label":"Best Selling","default":"Best Selling"},{"type":"header","content":"Group Header"},{"type":"color","id":"color_pt_header_text","label":"Text","default":"#222"},{"type":"color","id":"color_pt_header_border","label":"Line Underneath","default":"#DDD"},{"type":"color","id":"color_pt_header_top_border","label":"Line On Top","default":"rgba(0,0,0,0)"},{"type":"range","id":"pt_header_size","label":"Font Size","min":0,"max":35,"step":1,"unit":"px","default":18},{"type":"checkbox","id":"pt_header_font_override","label":"Override theme font","default":false},{"type":"font_picker","id":"pt_header_font","label":"Base Typeface","default":"work_sans_n6"},{"type":"select","id":"pt_header_weight","label":"Font Weight","default":"600","options":[{"value":"100","label":"Light"},{"value":"300","label":"Normal"},{"value":"600","label":"Bold"},{"value":"900","label":"Bolder"}]},{"type":"header","content":"Filter Links"},{"type":"color","id":"color_pt_links","label":"Filters","default":"#222"},{"type":"color","id":"color_pt_links_selected","label":"Selected Filters","default":"#333"},{"type":"color","id":"color_pt_links_hover","label":"Filter Hover","default":"#444"},{"type":"color","id":"color_pt_counts_color","label":"Collection Counts","default":"#888"},{"type":"range","id":"pt_links_size","label":"Font Size","min":8,"max":20,"step":1,"unit":"px","default":14},{"type":"checkbox","id":"pt_links_font_override","label":"Override theme font","default":false},{"type":"font_picker","id":"pt_links_font","label":"Base Typeface","default":"work_sans_n6"},{"type":"select","id":"pt_links_weight","label":"Font Weight","default":"300","options":[{"value":"100","label":"Light"},{"value":"300","label":"Normal"},{"value":"600","label":"Bold"},{"value":"900","label":"Bolder"}]},{"type":"header","content":"Checkboxes"},{"type":"checkbox","id":"pt_show_checkboxes","label":"Show Checkboxes","default":true},{"type":"select","id":"pt_checkbox_style","label":"Checkbox Style","default":"0","options":[{"value":"0","label":"Rounded"},{"value":"1","label":"Square Solid"},{"value":"2","label":"Square Hollow"},{"value":"3","label":"Round Hollow"},{"value":"4","label":"Ticks Solid"},{"value":"5","label":"Crosses Solid"},{"value":"6","label":"Ticks"},{"value":"7","label":"Crosses"},{"value":"8","label":"Crosses (Original Style)"}]},{"type":"select","id":"pt_checkbox_swatch_style","label":"Swatch Checkbox Style","default":"3","options":[{"value":"0","label":"Rounded"},{"value":"1","label":"Square Solid"},{"value":"2","label":"Square Hollow"},{"value":"3","label":"Round Hollow"},{"value":"4","label":"Ticks Solid"},{"value":"5","label":"Crosses Solid"},{"value":"6","label":"Ticks"},{"value":"7","label":"Crosses"},{"value":"8","label":"Crosses (Original Style)"}]},{"type":"color","id":"pt_checkbox_primary_color","label":"Default Color","default":"#888"},{"type":"color","id":"pt_checkbox_secondary_color","label":"Selected Color","default":"#444"},{"type":"range","id":"pt_checkbox_size","label":"Checkbox Size","min":4,"max":30,"step":1,"unit":"px","default":15},{"type":"range","id":"pt_checkbox_size_swatch","label":"Swatch Size","min":4,"max":60,"step":1,"unit":"px","default":25},{"type":"select","id":"pt_checkbox_checkbox_align","label":"Checkbox alignment","default":"middle","options":[{"value":"middle","label":"Middle"},{"value":"top","label":"Top"},{"value":"bottom","label":"Bottom"}]},{"type":"header","content":"Color Swatches"},{"type":"radio","id":"pt_color_swatch_type","label":"Swatch Type","default":"swatch","options":[{"value":"swatch","label":"Swatch only"},{"value":"swatch_text","label":"Swatch plus text"}]},{"type":"header","content":"Clear Button"},{"type":"color","id":"color_pt_clear_bg","label":"Background","default":"#EEE"},{"type":"color","id":"color_pt_clear_text","label":"Text","default":"#222"},{"type":"color","id":"color_pt_clear_bg_hover","label":"Background Hover","default":"#DDD"},{"type":"color","id":"color_pt_clear_text_hover","label":"Text Hover","default":"#222"},{"type":"header","content":"Background Color"},{"type":"color","id":"color_pt_bg","label":"Background Color","default":"rgba(0,0,0,0)"},{"type":"color","id":"color_pt_bg_border","label":"Border Color","default":"rgba(0,0,0,0)"},{"type":"range","id":"pt_bg_padding","label":"Padding","min":0,"max":40,"step":1,"unit":"px","default":0},{"type":"range","id":"pt_bg_radius","label":"Border Radius","min":0,"max":40,"step":1,"unit":"px","default":3},{"type":"header","content":"Accordions"},{"type":"checkbox","id":"pt_mobile_enable","label":"Show Mobile Accordion","default":true},{"type":"checkbox","id":"pt_accordion_enable","label":"Show Desktop Accordion","default":false},{"type":"select","id":"pt_accordion_mode","label":"Desktop Accordion Mode","options":[{"value":"all","label":"Expand All"},{"value":"first","label":"Expand First (Non Selected)"},{"value":"none","label":"Collapse All"}],"default":"all"},{"type":"color","id":"pt_mobile_color","label":"Color","default":"#222"},{"type":"text","id":"pt_mobile_max_width","label":"CSS Max Width For Display","default":"767px"},{"type":"range","id":"pt_mobile_vertical","label":"Vertical Offset","min":0,"max":40,"step":1,"unit":"px","default":7},{"type":"range","id":"pt_mobile_text_vertical","label":"Vertical Offset - Text","min":0,"max":40,"step":1,"unit":"px","default":14},{"type":"checkbox","id":"pt_mobile_font_override","label":"Override theme font","default":false},{"type":"font_picker","id":"pt_mobile_font","label":"Base Typeface","default":"work_sans_n6"},{"type":"select","id":"pt_mobile_size","label":"Filter button size","default":"","options":[{"value":"","label":"Standard"},{"value":"small","label":"Small"},{"value":"xsmall","label":"Extra Small"}]},{"type":"checkbox","id":"pt_mobile_hide_selected","label":"Hide selected filters on mobile","default":false},{"type":"header","content":"Small Box Options"},{"type":"color","id":"color_pt_small_box_bg","label":"Background Color","default":"#FFFFFF"},{"type":"color","id":"color_pt_small_box_bg_hover","label":"Background Hover","default":"#00a5fd"},{"type":"color","id":"color_pt_small_box_text_hover","label":"Text Hover","default":"#FFFFFF"},{"type":"range","id":"pt_small_box_radius","label":"Border Radius","min":0,"max":40,"step":1,"unit":"px","default":3},{"type":"checkbox","id":"pt_small_box_border","label":"Show Border","default":true},{"type":"checkbox","id":"pt_small_box_shadow","label":"Show Shadow","default":true},{"type":"header","content":"View More button"},{"type":"checkbox","id":"pt_view_more_enable","label":"Add View More button","default":false},{"type":"range","id":"pt_view_more_count","label":"Items to display","min":1,"max":50,"step":1,"default":10},{"type":"text","id":"pt_view_more_text","label":"Button Text","default":"View More..."},{"type":"header","content":"'Apply' Filters button"},{"type":"checkbox","id":"pt_apply_button_enable","label":"Add Apply button","default":false},{"type":"text","id":"pt_apply_button_text","label":"Button Text","default":"Apply"},{"type":"color","id":"pt_apply_button_color","label":"Active Color","default":"#0084FF"},{"type":"color","id":"pt_apply_button_hover_color","label":"Hover Color","default":"#0670Cf"},{"type":"color","id":"pt_apply_button_disabled_color","label":"Disabled Color","default":"#CCCCCC"},{"type":"header","content":"Sticky Mode"},{"type":"checkbox","id":"pt_sticky_enable","label":"Enable sticky mode","default":false},{"type":"paragraph","content":"Basic CSS mode may not work on all themes. Use Advanced mode to set the appropriate CSS selector. Or use the JavaScript fallback"},{"type":"radio","id":"pt_sticky_mode","label":"Sticky Mode","default":"basic","options":[{"value":"basic","label":"Basic CSS mode"},{"value":"advanced","label":"Advanced CSS mode"},{"value":"js","label":"JavaScript mode"}]},{"type":"text","id":"pt_sticky_selector","label":"CSS selector for advanced mode","default":".filter-menu"},{"type":"text","id":"pt_sticky_offset","label":"Set sticky offset from the top of the window","default":"25px"},{"type":"text","id":"pt_sticky_min_width","label":"Minimum screen width to activate sticky mode","default":"767px"},{"type":"header","content":"Ajax reloading"},{"type":"checkbox","id":"pt_ajax_enable","label":"Enable Ajax reloading","default":false},{"type":"text","id":"pt_ajax_selector","label":"Content selector","default":"#main"},{"type":"paragraph","content":"The content selector is a CSS selector that includes the Filter Menu and products"},{"type":"text","id":"pt_ajax_script","label":"Additional Scripts","default":";"},{"type":"paragraph","content":"Any scripts to run after the Ajax load is complete."},{"type":"header","content":"Advanced Options"},{"type":"checkbox","id":"pt_show_only_on_collections","label":"Show only on collection pages","default":false},{"type":"checkbox","id":"pt_clear_to_current_collection","label":"'Clear All' goes to current collection, not all products","default":false},{"type":"checkbox","id":"pt_desktop_always_show_selected","label":"Active filters override visibility settings","default":true},{"type":"range","id":"pt_filter_padding","label":"Filter spacing","min":0,"max":15,"step":1,"unit":"px","default":6},{"type":"checkbox","id":"pt_temporary_disable","label":"Disable the display of the Filter Menu temporarily","default":false}]}]